Workbook

Sheet Supuestos
A1: Supuestos e insumos: pérdida por El Niño (corte agosto 2026)
A2: Azul = dato editable · Negro = fórmula · Verde = vínculo a otra hoja · Fondo amarillo = selector o calibración
A4: A. Datos internos (láminas, corte agosto 2026)
A5: Concepto | B5: Microfinanzas | C5: PYMES | D5: Empresas | E5: Fuente / nota
A6: Saldo expuesto (USD MM) | B6: 449.2 | C6: 334 | D6: 746.6 | E6: Láminas internas. Zona: 142 cantones con influencia directa, sin Quito
A7: Saldo total del segmento (USD MM) | B7: 2329.4 | C7: 1672.4 | D7: 3696.5 | E7: Lámina de exposición
A8: % del segmento expuesto | B8: =B6/B7 -> 0.19283936 | C8: =C6/C7 -> 0.19971299 | D8: =D6/D7 -> 0.20197484 | E8: Saldo expuesto / saldo total
A9: PI actual (% de la cartera expuesta) | B9: 0.098 | C9: 0.066 | D9: 0.018 | E9: Láminas de pérdida incurrida (se asume igual a julio)
A10: LGD aplicable | B10: =$B$21 -> 0.7 | C10: =$B$22 -> 0.4 | D10: =$B$22 -> 0.4 | E10: Micro usa LGD de microcrédito; PYMES y Empresas, LGD productivo
A12: B. Parámetros del BCE: Apuntes de Economía No. 75 (abril 2024)
A13: Zona de riesgo | B13: Cartera del sistema (USD MM) | C13: Peso | D13: Shock PD moderado | E13: Shock PD severo | F13: Shock PD extremo | G13: Fuente
A14: Alta | B14: 3830 | C14: =B14/$B$17 -> 0.18615729 | D14: 0.06 | E14: 0.15 | F14: 0.15 | G14: Cartera: BCE pág. 23, sección 2.3. Shocks: BCE pág. 39, Tabla 9. Extremo: supuesto propio (+15 pp en todas las zonas)
A15: Media | B15: 4940 | C15: =B15/$B$17 -> 0.24010888 | D15: 0.05 | E15: 0.1 | F15: 0.15
A16: Baja | B16: 11804 | C16: =B16/$B$17 -> 0.57373384 | D16: 0.03 | E16: 0.05 | F16: 0.15
A17: Total | B17: =SUM(B14:B16) -> 20574 | C17: =SUM(C14:C16) -> 1
A19: LGD (severidad)
A20: Tipo de crédito | B20: LGD | C20: Fuente
A21: Microcrédito | B21: 0.7 | C21: BCE pág. 37, primer párrafo; se repite en la Tabla 9, pág. 39
A22: Productivo (PYMES y Empresas) | B22: 0.4
A24: Pérdida esperada de la banca privada (para el factor de Empresas)
A25: Escenario BCE | B25: Pérdida esperada (USD MM) | C25: Fuente
A26: Base | B26: 791 | C26: BCE pág. 49, Tabla 15, fila Bancos privados
A27: Moderado | B27: 1018
A28: Severo | B28: 1230
A30: C. Selectores y calibraciones (editables)
A31: Concepto | B31: Microfinanzas | C31: PYMES | D31: Empresas | E31: Nota
A32: Escenario asignado en la lámina | B32: Severo | C32: Moderado | D32: Factor | E32: Opciones: Moderado, Severo, Extremo, Factor. Cambia el valor para ver otro escenario
A33: PI El Niño de la lámina de micro (calibración de julio) | B33: 0.155 | E33: Solo micro, escenario severo: 15,5 % − 9,8 % = 5,7 pp
A34: Usar la calibración de la lámina en micro (1 = sí; 0 = mezcla exacta del sistema) | B34: 1 | E34: Con 0, micro severo usa 8,06 pp × 70 % = 5,64 pp (15,4 %)
A35: Usar los valores de la lámina en el factor (1 = sí; 0 = factor exacto) | B35: 1 | E35: Con 1: factor 1,6 y PI redondeada a 1 decimal (Empresas 2,9 %, como la lámina). Con 0: factor 1,555 sin redondear (2,8 %)

Sheet Paso a paso
A1: Paso a paso: de la pérdida actual a la pérdida por El Niño
A2: Haz clic en cualquier número para ver su fórmula. Columna G: la fórmula en palabras; columna H: la fuente.
A4: Paso | B4: Concepto | C4: Microfinanzas | D4: PYMES | E4: Empresas | F4: Total | G4: Cómo se calcula | H4: Fuente
A5: 1 | B5: Saldo expuesto (USD MM) | C5: =Supuestos!B6 -> 449.2 | D5: =Supuestos!C6 -> 334 | E5: =Supuestos!D6 -> 746.6 | F5: =SUM(C5:E5) -> 1529.8 | G5: Dato interno | H5: Láminas internas, corte agosto 2026
A6: 1 | B6: PI actual (% de la cartera expuesta) | C6: =Supuestos!B9 -> 0.098 | D6: =Supuestos!C9 -> 0.066 | E6: =Supuestos!D9 -> 0.018 | F6: =F7/F5 -> 0.051970454 | G6: Dato interno. Total = pérdida actual total / saldo total | H6: Láminas internas
A7: 1 | B7: Pérdida actual (USD MM) | C7: =C5*C6 -> 44.0216 | D7: =D5*D6 -> 22.044 | E7: =E5*E6 -> 13.4388 | F7: =SUM(C7:E7) -> 79.5044 | G7: F1: Saldo expuesto × PI actual. La PI equivale a PD × LGD | H7: BCE págs. 35-36; Moody's pág. 45; Hu y Perraudin pág. 3
A9: 2 | B9: ΔPD moderado (aumento de la PD) | C9: =SUMPRODUCT(Supuestos!$C$14:$C$16,Supuestos!$D$14:$D$16) -> 0.040386896 | D9: =SUMPRODUCT(Supuestos!$C$14:$C$16,Supuestos!$D$14:$D$16) -> 0.040386896 | E9: =SUMPRODUCT(Supuestos!$C$14:$C$16,Supuestos!$D$14:$D$16) -> 0.040386896 | G9: F2: Σ peso de zona × shock moderado = 18,6%×6 + 24,0%×5 + 57,4%×3 | H9: BCE pág. 23 (pesos) y pág. 39, Tabla 9 (shocks)
A10: 2 | B10: ΔPD severo | C10: =SUMPRODUCT(Supuestos!$C$14:$C$16,Supuestos!$E$14:$E$16) -> 0.080621172 | D10: =SUMPRODUCT(Supuestos!$C$14:$C$16,Supuestos!$E$14:$E$16) -> 0.080621172 | E10: =SUMPRODUCT(Supuestos!$C$14:$C$16,Supuestos!$E$14:$E$16) -> 0.080621172 | G10: F2: Σ peso de zona × shock severo = 18,6%×15 + 24,0%×10 + 57,4%×5 | H10: BCE pág. 23 y pág. 39, Tabla 9
A11: 2 | B11: ΔPD extremo | C11: =SUMPRODUCT(Supuestos!$C$14:$C$16,Supuestos!$F$14:$F$16) -> 0.15 | D11: =SUMPRODUCT(Supuestos!$C$14:$C$16,Supuestos!$F$14:$F$16) -> 0.15 | E11: =SUMPRODUCT(Supuestos!$C$14:$C$16,Supuestos!$F$14:$F$16) -> 0.15 | G11: Toda la cartera como zona Alta: +15 pp | H11: Supuesto propio
A13: 3 | B13: LGD (severidad) | C13: =Supuestos!B10 -> 0.7 | D13: =Supuestos!C10 -> 0.4 | E13: =Supuestos!D10 -> 0.4 | G13: Dato del BCE: 70 % microcrédito, 40 % productivo. Se mantiene fija en los escenarios | H13: BCE pág. 37; Tabla 9, pág. 39
A15: 4 | B15: ΔPI moderado (aumento de la tasa de pérdida) | C15: =C9*C13 -> 0.028270827 | D15: =D9*D13 -> 0.016154758 | E15: =E9*E13 -> 0.016154758 | G15: F3: ΔPD × LGD | H15: BCE págs. 35-36 y Tabla 9
A16: 4 | B16: ΔPI severo con la mezcla del sistema | C16: =C10*C13 -> 0.056434821 | D16: =D10*D13 -> 0.032248469 | E16: =E10*E13 -> 0.032248469 | G16: F3: ΔPD × LGD | H16: BCE págs. 35-36 y Tabla 9
A17: 4 | B17: ΔPI severo usado | C17: =IF(Supuestos!$B$34=1,Supuestos!$B$33-C6,C16) -> 0.057 | D17: =D16 -> 0.032248469 | E17: =E16 -> 0.032248469 | G17: Micro: con calibración, 15,5 % − 9,8 % = 5,7 pp (lámina); sin ella, 5,64 pp. PYMES y Empresas: igual a la fila 16 | H17: Lámina de micro; Supuestos B33:B34
A18: 4 | B18: ΔPI extremo | C18: =C11*C13 -> 0.105 | D18: =D11*D13 -> 0.06 | E18: =E11*E13 -> 0.06 | G18: F3: ΔPD extremo × LGD | H18: Supuesto propio
A20: 5 | B20: Factor proporcional (severo / base) | C20: =IF(Supuestos!$B$35=1,ROUND(Supuestos!$B$28/Supuestos!$B$26,1),Supuestos!$B$28/Supuestos!$B$26) -> 1.6 | D20: =IF(Supuestos!$B$35=1,ROUND(Supuestos!$B$28/Supuestos!$B$26,1),Supuestos!$B$28/Supuestos!$B$26) -> 1.6 | E20: =IF(Supuestos!$B$35=1,ROUND(Supuestos!$B$28/Supuestos!$B$26,1),Supuestos!$B$28/Supuestos!$B$26) -> 1.6 | G20: F5: 1.230 / 791 = 1,555; se redondea a 1,6 si Supuestos B35 = 1 | H20: BCE pág. 49, Tabla 15
A21: 5 | B21: PI con factor | C21: =IF(Supuestos!$B$35=1,ROUND(C6*C20,3),C6*C20) -> 0.157 | D21: =IF(Supuestos!$B$35=1,ROUND(D6*D20,3),D6*D20) -> 0.106 | E21: =IF(Supuestos!$B$35=1,ROUND(E6*E20,3),E6*E20) -> 0.029 | G21: PI actual × factor. Con Supuestos B35 = 1 se redondea a 1 decimal, como la lámina (1,8 % × 1,6 = 2,88 % ≈ 2,9 %) | H21: BCE pág. 49, Tabla 15
A23: 6 | B23: Pérdida El Niño: moderado (USD MM) | C23: =C7+C5*C15 -> 56.720856 | D23: =D7+D5*D15 -> 27.439689 | E23: =E7+E5*E15 -> 25.499943 | F23: =SUM(C23:E23) -> 109.66049 | G23: F4: Pérdida actual + Saldo × ΔPI moderado | H23: BCE págs. 35-36
A24: 6 | B24: Pérdida El Niño: severo (USD MM) | C24: =C7+C5*C17 -> 69.626 | D24: =D7+D5*D17 -> 32.814989 | E24: =E7+E5*E17 -> 37.515507 | F24: =SUM(C24:E24) -> 139.9565 | G24: F4: Pérdida actual + Saldo × ΔPI severo usado | H24: BCE págs. 35-36
A25: 6 | B25: Pérdida El Niño: extremo (USD MM) | C25: =C7+C5*C18 -> 91.1876 | D25: =D7+D5*D18 -> 42.084 | E25: =E7+E5*E18 -> 58.2348 | F25: =SUM(C25:E25) -> 191.5064 | G25: F4: Pérdida actual + Saldo × ΔPI extremo | H25: Supuesto propio
A26: 6 | B26: Pérdida El Niño: factor (USD MM) | C26: =C5*C21 -> 70.5244 | D26: =D5*D21 -> 35.404 | E26: =E5*E21 -> 21.6514 | F26: =SUM(C26:E26) -> 127.5798 | G26: Saldo × PI con factor | H26: BCE pág. 49, Tabla 15
A28: 7 | B28: Escenario asignado en la lámina | C28: =Supuestos!B32 -> Severo | D28: =Supuestos!C32 -> Moderado | E28: =Supuestos!D32 -> Factor | G28: Selector de la hoja Supuestos (fila 32) | H28: Láminas internas
A29: 7 | B29: Pérdida El Niño asignada (USD MM) | C29: =IF(C28="Moderado",C23,IF(C28="Severo",C24,IF(C28="Extremo",C25,C26))) -> 69.626 | D29: =IF(D28="Moderado",D23,IF(D28="Severo",D24,IF(D28="Extremo",D25,D26))) -> 27.439689 | E29: =IF(E28="Moderado",E23,IF(E28="Severo",E24,IF(E28="Extremo",E25,E26))) -> 21.6514 | F29: =SUM(C29:E29) -> 118.71709 | G29: Toma la fila 23, 24, 25 o 26 según el escenario elegido | H29: —
A30: 7 | B30: PI El Niño asignada | C30: =C29/C5 -> 0.155 | D30: =D29/D5 -> 0.082154758 | E30: =E29/E5 -> 0.029 | F30: =F29/F5 -> 0.077603013 | G30: Pérdida El Niño / saldo expuesto | H30: —
A31: 7 | B31: Pérdida adicional asignada (USD MM) | C31: =C29-C7 -> 25.6044 | D31: =D29-D7 -> 5.3956893 | E31: =E29-E7 -> 8.2126 | F31: =SUM(C31:E31) -> 39.212689 | G31: Pérdida El Niño − pérdida actual | H31: —

Sheet Escenarios
A1: Resumen de escenarios por segmento
A2: Las láminas combinan: severo en Microfinanzas, moderado en PYMES y factor en Empresas
A4: 1. Pérdida total por escenario (USD MM)
A5: Segmento | B5: Pérdida actual | C5: Moderado BCE | D5: Severo BCE | E5: Extremo | F5: Factor | G5: Asignado (lámina) | H5: Escenario asignado
A6: Microfinanzas | B6: ='Paso a paso'!C7 -> 44.0216 | C6: ='Paso a paso'!C23 -> 56.720856 | D6: ='Paso a paso'!C24 -> 69.626 | E6: ='Paso a paso'!C25 -> 91.1876 | F6: ='Paso a paso'!C26 -> 70.5244 | G6: ='Paso a paso'!C29 -> 69.626 | H6: ='Paso a paso'!C28 -> Severo
A7: PYMES | B7: ='Paso a paso'!D7 -> 22.044 | C7: ='Paso a paso'!D23 -> 27.439689 | D7: ='Paso a paso'!D24 -> 32.814989 | E7: ='Paso a paso'!D25 -> 42.084 | F7: ='Paso a paso'!D26 -> 35.404 | G7: ='Paso a paso'!D29 -> 27.439689 | H7: ='Paso a paso'!D28 -> Moderado
A8: Empresas | B8: ='Paso a paso'!E7 -> 13.4388 | C8: ='Paso a paso'!E23 -> 25.499943 | D8: ='Paso a paso'!E24 -> 37.515507 | E8: ='Paso a paso'!E25 -> 58.2348 | F8: ='Paso a paso'!E26 -> 21.6514 | G8: ='Paso a paso'!E29 -> 21.6514 | H8: ='Paso a paso'!E28 -> Factor
A9: Total | B9: =SUM(B6:B8) -> 79.5044 | C9: =SUM(C6:C8) -> 109.66049 | D9: =SUM(D6:D8) -> 139.9565 | E9: =SUM(E6:E8) -> 191.5064 | F9: =SUM(F6:F8) -> 127.5798 | G9: =SUM(G6:G8) -> 118.71709
A11: 2. PI El Niño (% de la cartera expuesta)
A12: Segmento | B12: Pérdida actual | C12: Moderado BCE | D12: Severo BCE | E12: Extremo | F12: Factor | G12: Asignado (lámina)
A13: Microfinanzas | B13: =B6/'Paso a paso'!C5 -> 0.098 | C13: =C6/'Paso a paso'!C5 -> 0.12627083 | D13: =D6/'Paso a paso'!C5 -> 0.155 | E13: =E6/'Paso a paso'!C5 -> 0.203 | F13: =F6/'Paso a paso'!C5 -> 0.157 | G13: =G6/'Paso a paso'!C5 -> 0.155
A14: PYMES | B14: =B7/'Paso a paso'!D5 -> 0.066 | C14: =C7/'Paso a paso'!D5 -> 0.082154758 | D14: =D7/'Paso a paso'!D5 -> 0.098248469 | E14: =E7/'Paso a paso'!D5 -> 0.126 | F14: =F7/'Paso a paso'!D5 -> 0.106 | G14: =G7/'Paso a paso'!D5 -> 0.082154758
A15: Empresas | B15: =B8/'Paso a paso'!E5 -> 0.018 | C15: =C8/'Paso a paso'!E5 -> 0.034154758 | D15: =D8/'Paso a paso'!E5 -> 0.050248469 | E15: =E8/'Paso a paso'!E5 -> 0.078 | F15: =F8/'Paso a paso'!E5 -> 0.029 | G15: =G8/'Paso a paso'!E5 -> 0.029
A16: Total | B16: =B9/'Paso a paso'!$F$5 -> 0.051970454 | C16: =C9/'Paso a paso'!$F$5 -> 0.071682892 | D16: =D9/'Paso a paso'!$F$5 -> 0.091486793 | E16: =E9/'Paso a paso'!$F$5 -> 0.12518395 | F16: =F9/'Paso a paso'!$F$5 -> 0.083396392 | G16: =G9/'Paso a paso'!$F$5 -> 0.077603013
A18: 3. Pérdida adicional frente a la actual (USD MM)
A19: Segmento | B19: — | C19: Moderado BCE | D19: Severo BCE | E19: Extremo | F19: Factor | G19: Asignado (lámina)
A20: Microfinanzas | C20: =C6-$B6 -> 12.699256 | D20: =D6-$B6 -> 25.6044 | E20: =E6-$B6 -> 47.166 | F20: =F6-$B6 -> 26.5028 | G20: =G6-$B6 -> 25.6044
A21: PYMES | C21: =C7-$B7 -> 5.3956893 | D21: =D7-$B7 -> 10.770989 | E21: =E7-$B7 -> 20.04 | F21: =F7-$B7 -> 13.36 | G21: =G7-$B7 -> 5.3956893
A22: Empresas | C22: =C8-$B8 -> 12.061143 | D22: =D8-$B8 -> 24.076707 | E22: =E8-$B8 -> 44.796 | F22: =F8-$B8 -> 8.2126 | G22: =G8-$B8 -> 8.2126
A23: Total | C23: =SUM(C20:C22) -> 30.156088 | D23: =SUM(D20:D22) -> 60.452096 | E23: =SUM(E20:E22) -> 112.002 | F23: =SUM(F20:F22) -> 48.0754 | G23: =SUM(G20:G22) -> 39.212689
A25: Moderado BCE ≈ efectos del Niño 1997-98; severo BCE ≈ dificultades crediticias de la pandemia (BCE pág. 40). Extremo: supuesto propio. Factor: BCE pág. 49, Tabla 15. Los totales pueden diferir en ±0,1 MM de las láminas porque aquí se suman valores sin redondear.

Sheet Sensibilidad LGD
A1: Sensibilidad a la LGD: Microfinanzas, escenario severo
A2: Mantener la LGD fija tiende a subestimar: la recuperación cae cuando suben los incumplimientos (Hu y Perraudin, págs. 1 y 15)
A4: Concepto | B4: Valor | C4: Cómo se calcula
A5: Saldo expuesto micro (USD MM) | B5: ='Paso a paso'!C5 -> 449.2 | C5: Vínculo
A6: PI actual | B6: ='Paso a paso'!C6 -> 0.098 | C6: Vínculo
A7: LGD base (BCE) | B7: ='Paso a paso'!C13 -> 0.7 | C7: Vínculo
A8: ΔPI severo usado | B8: ='Paso a paso'!C17 -> 0.057 | C8: Vínculo
A9: PD implícita actual | B9: =B6/B7 -> 0.14 | C9: PI actual / LGD base
A10: ΔPD implícito | B10: =B8/B7 -> 0.081428571 | C10: ΔPI / LGD base
A11: PD en estrés | B11: =B9+B10 -> 0.22142857 | C11: PD implícita + ΔPD
A13: LGD alternativa | B13: PI El Niño | C13: Pérdida El Niño (USD MM) | D13: Diferencia vs. LGD base (USD MM)
A14: 0.6 | B14: =$B$11*A14 -> 0.13285714 | C14: =B14*$B$5 -> 59.679429 | D14: =C14-$B$11*$B$7*$B$5 -> -9.9465714
A15: 0.7 | B15: =$B$11*A15 -> 0.155 | C15: =B15*$B$5 -> 69.626 | D15: =C15-$B$11*$B$7*$B$5 -> 0
A16: 0.8 | B16: =$B$11*A16 -> 0.17714286 | C16: =B16*$B$5 -> 79.572571 | D16: =C16-$B$11*$B$7*$B$5 -> 9.9465714
A17: 0.9 | B17: =$B$11*A17 -> 0.19928571 | C17: =B17*$B$5 -> 89.519143 | D17: =C17-$B$11*$B$7*$B$5 -> 19.893143
A19: Fórmula: PI El Niño = PD en estrés × LGD alternativa. Con LGD de 70 % se reproduce el 15,5 % de la lámina.

Sheet Fuentes
A1: Fuentes: qué dice cada autor y dónde se usa en el Excel
A3: # | B3: Dato o idea | C3: Fuente | D3: Ubicación exacta | E3: Qué dice | F3: Dónde se usa
A4: 1 | B4: Fórmula de pérdida esperada | C4: BCE (2024), Apuntes de Economía No. 75 | D4: Págs. 35-36, sección 3.3 | E4: "se utiliza el cálculo de Pérdida Esperada (PE), establecido por las mejores prácticas internacionales de Basilea III": PE = PD × EAD × LGD | F4: Paso a paso, pasos 1, 4 y 6
A5: 2 | B5: Tasa de pérdida = incumplimiento × LGD | C5: Moody's (2007), Corporate Default and Recovery Rates, 1920-2006 | D5: Pág. 45, Credit Loss Rate Calculations | E5: "Credit losses are therefore a function of both probability of default (PD) as well as the severity of default (LGD)." Fórmula l = D × (1 − r) | F5: Justifica usar la PI como PD × LGD (paso 1)
A6: 3 | B6: Tasa de pérdida = incumplimiento × LGD | C6: Hu y Perraudin (2006), The Dependence of Recovery Rates and Defaults | D6: Pág. 3, sección 1; pág. 11, ecuación 5.1 | E6: "We define total credit losses as the default rate in the quarter times one minus the average recovery rate in the quarter." L = D × (1 − R) | F6: Justifica usar la PI como PD × LGD (paso 1)
A7: 4 | B7: Recuperación y LGD | C7: Hu y Perraudin (2006) | D7: Pág. 4, sección 2.1 | E7: Recuperación = valor de mercado del bono / principal impago, un mes después del incumplimiento; por eso 1 − R es la LGD | F7: Paso 1
A8: 5 | B8: Shocks de PD por zona | C8: BCE (2024) | D8: Pág. 39, Tabla 9 | E8: Moderado: +6 / +5 / +3 pp; severo: +15 / +10 / +5 pp. LGD: "Se mantiene igual al escenario base" | F8: Supuestos D14:E16; Paso a paso, paso 2
A9: 6 | B9: Pesos por zona | C9: BCE (2024) | D9: Pág. 23, sección 2.3, primer párrafo | E9: "USD 3.830 millones se localiza en zonas con riesgo alto, USD 4.940 millones con riesgo medio y USD 11.804 millones con riesgo bajo" | F9: Supuestos B14:C17
A10: 7 | B10: LGD por segmento | C10: BCE (2024) | D10: Pág. 37, primer párrafo | E10: "se atribuyó que el LGD para microcrédito, consumo y productivo sean 70, 60 y 40 %, respectivamente" | F10: Supuestos B21:B22; Paso a paso, paso 3
A11: 8 | B11: Factor proporcional | C11: BCE (2024) | D11: Pág. 49, Tabla 15 | E11: Bancos privados: pérdida esperada de 791 (base), 1.018 (moderado) y 1.230 (severo) MM | F11: Supuestos B26:B28; Paso a paso, paso 5
A12: 9 | B12: Interpretación de escenarios | C12: BCE (2024) | D12: Pág. 40, primer párrafo | E12: Moderado: "se replican los efectos del FEN de los años 1997-1998"; severo: "las dificultades crediticias mostradas en la pandemia de COVID-19" | F12: Escenarios, nota
A13: 10 | B13: Zona de afectación | C13: BCE (2024) | D13: Pág. 11, segundo párrafo | E13: "comprende 17 provincias, 143 cantones y 489 parroquias" (los 142 usados = sin Quito) | F13: Supuestos E6
A14: 11 | B14: LGD sube en crisis | C14: Hu y Perraudin (2006) | D14: Pág. 1 (resumen); pág. 22 (Tabla 5); pág. 15 (conclusión) | E14: Incumplimiento y recuperación "are, in fact, negatively correlated"; correlación de −0,22 desde 1982; "recoveries tend to be low when default rates are high" | F14: Sensibilidad LGD
A15: 12 | B15: Recuperación y ciclo | C15: Moody's (2007) | D15: Pág. 8, último párrafo | E15: "Strong macroeconomic conditions and low default rates helped support the recovery values" | F15: Sensibilidad LGD
... A18: 15 | B18: Saldos y PI actual | C18: Láminas internas | D18: Corte agosto 2026 | E18: Saldo expuesto, saldo total del segmento y PI actual por segmento | F18: Supuestos B6:D9
